{
    "books": [
        {
            "titre": "1984",
            "auteurs":"George Orwell",
            "isbn": "978-2-07-036822-8",
            "image": "./img_L2/bd1.jpg",
            "editeur": "Gallimard",
            "datePublication": "1949",
            "genre": "Dystopie, Science-fiction",
            "resume": "Un homme lutte contre un régime totalitaire oppressif dans un nombre Dystopique.",
            "langue": "français",
            "pages": 368,
            "disponibilite": false,
            "etat": "Endommagé",
            "emplacement": "Réserves"
        },

        {
            "titre": "Monde C",
            "auteurs":"Donald Perci",
            "isbn": "978-2-07-036822-8",
            "image": "./img_L2/bd2.jpg",
            "editeur": "Jull",
            "datePublication": "1950",
            "genre": "Science",
            "resume": "Un homme lutte contre un régime totalitaire oppressif dans un nombre Dystopique.",
            "langue": "français",
            "pages": 45,
            "disponibilite": true,
            "etat": "Endommagé",
            "emplacement": "Réserves"
        },

        {
            "titre": "Fou de joie",
            "auteurs":"Orlande Kain",
            "isbn": "978-2-07-036822-8",
            "image": "./img_L2/bd3.jpg",
            "editeur": "Hillend",
            "datePublication": "1995",
            "genre": "Science-fiction",
            "resume": "Un homme lutte contre un régime totalitaire oppressif dans un nombre Dystopique.",
            "langue": "français",
            "pages": 768,
            "disponibilite": true,
            "etat": "Endommagé",
            "emplacement": "Réserves"
        },

        {
            "titre": "1984",
            "auteurs":"George Orwell",
            "isbn": "978-2-07-036822-8",
            "image": "./img_L2/bd1.jpg",
            "editeur": "Gallimard",
            "datePublication": "1949",
            "genre": "Dystopie, Science-fiction",
            "resume": "Un homme lutte contre un régime totalitaire oppressif dans un nombre Dystopique.",
            "langue": "français",
            "pages": 368,
            "disponibilite": false,
            "etat": "Endommagé",
            "emplacement": "Réserves"
        },
        
        {
            "titre": "colombian",
            "auteurs":"Bridgh Tons",
            "isbn": "978-2-07-036822-8",
            "image": "./img_L2/bd4.jpg",
            "editeur": "Pollon",
            "datePublication": "1935",
            "genre": "Science-fiction",
            "resume": "Un homme lutte contre un régime totalitaire oppressif dans un nombre Dystopique.",
            "langue": "français",
            "pages": 123,
            "disponibilite": true,
            "etat": "Endommagé",
            "emplacement": "Réserves"
        }
    ]
}